<application>
  <component name="FileTypeManager" version="19">
    <ignoreFiles list="*.pyc;*.pyo;*.rbc;*.yarb;.DS_Store;.git;.hg;.mypy_cache;.pytest_cache;.ruff_cache;.svn;CVS;__pycache__;_svn;vssver.scc;vssver2.scc" />
    <extensionMap>
      <mapping pattern="mcp.json" type="JSON5" />
      <removed_mapping ext="dockerignore" approved="true" type="DockerIgnore file" />
      <removed_mapping ext="glsl" approved="true" type="Cg" />
      <removed_mapping ext="glsl" approved="true" type="GLSL" />
      <removed_mapping ext="ignore" approved="true" type="IgnoreLang file" />
      <removed_mapping ext="inputactions" approved="true" type="JSON" />
      <removed_mapping ext="tps" approved="true" type="XML" />
      <removed_mapping ext="usf" approved="true" type="C/C++" />
      <removed_mapping ext="ush" approved="true" type="C/C++ Header" />
    </extensionMap>
  </component>
</application>