<application>
  <component name="GeneralSettings">
    <option name="reopenLastProject" value="false" />
    <option name="confirmOpenNewProject2" value="0" />
  </component>
  <component name="LocalizationStateService">
    <option name="lastSelectedLocale" value="zh-CN" />
  </component>
  <component name="Registry">
    <entry key="rdclient.asyncActions" value="false" source="SYSTEM" />
    <entry key="ide.experimental.ui" value="true" source="SYSTEM" />
    <entry key="nodejs.console.use.terminal" value="false" source="USER" />
    <entry key="find.in.files.split" value="false" source="SYSTEM" />
    <entry key="find.in.files.split.actions" value="false" source="SYSTEM" />
    <entry key="rider.codeVision.fitToContent.enabled" value="true" source="SYSTEM" />
    <entry key="rider.codeVision.zeroWidth.preload.enabled" value="true" source="SYSTEM" />
    <entry key="llm.jcp.analytics.endpoint.url" value="https://api.jetbrains.cloud/analytics/events/push" source="MANAGER" />
  </component>
</application>