<application>
  <component name="ProjectManager">
    <defaultProject>
      <component name="PropertiesComponent">{
  &quot;keyToString&quot;: {
    &quot;settings.editor.selected.configurable&quot;: &quot;preferences.lookFeel&quot;
  }
}</component>
      <component name="WindowStateProjectService">
        <state x="823" y="264" key="Rider.NewProjectDialog.Size" timestamp="1746059577320">
          <screen x="0" y="0" width="2560" height="1392" />
        </state>
        <state x="823" y="264" key="Rider.NewProjectDialog.Size/3840.560.1707.1019/0.0.2560.1392" timestamp="1746059577320" />
      </component>
    </defaultProject>
  </component>
</application>