<application>
  <component name="Trusted.Paths">
    <option name="TRUSTED_PROJECT_PATHS">
      <map>
        <entry key="C:\Users\mokusakura\AppData\Local\Temp\BNZ.6793530b521379" value="true" />
        <entry key="C:\Users\mokusakura\AppData\Local\Temp\BNZ.67a5395e40eedd" value="true" />
        <entry key="C:\Users\mokusakura\Desktop\assign1_coreOpenGL_starterCode\hw1" value="true" />
        <entry key="C:\Users\mokusakura\Desktop\assign1_coreOpenGL_starterCode\hw1\.idea\.idea.hw1" value="true" />
        <entry key="C:\Users\mokusakura\Desktop\hw3-starterCode\hw3-starterCode" value="true" />
        <entry key="D:\Data\Assignment\CSCI526\Assignment3\main-assignment-sketch-jump\Sketch-Jump-main" value="true" />
        <entry key="D:\Data\Assignment\CSCI526\Assignment3\main-assignment-sketch-jump\Sketch-Jump-main\.idea\.idea.Sketch-Jump-main" value="true" />
        <entry key="D:\Data\作业\CSCI420\assign1_coreOpenGL_starterCode\hw1" value="true" />
        <entry key="D:\Data\作业\CSCI420\assign1_coreOpenGL_starterCode\hw1\.idea\.idea.hw1" value="true" />
        <entry key="D:\Data\作业\CSCI420\hw2" value="true" />
        <entry key="D:\Data\作业\CSCI420\hw2\.idea\.idea.hw2" value="true" />
        <entry key="D:\Data\作业\CSCI420\hw3-starterCode\hw3-starterCode" value="true" />
        <entry key="D:\Data\作业\CSCI420\hw3-starterCode\hw3-starterCode\.idea\.idea.hw3" value="true" />
        <entry key="D:\Data\作业\CSCI520\starter-csci520-assign1" value="true" />
        <entry key="D:\Data\作业\CSCI520\starter-csci520-assign1\.idea\.idea.hw1" value="true" />
        <entry key="D:\Data\作业\CSCI526\Assignment2\paired-prototype-team-26" value="true" />
        <entry key="D:\Data\作业\CSCI526\Assignment2\paired-prototype-team-26\.idea\.idea.paired-prototype-team-26" value="true" />
        <entry key="D:\Data\作业\CSCI526\Assignment3\main-assignment-sketch-jump\Sketch-Jump-main" value="true" />
        <entry key="D:\Data\作业\CSCI526\Assignment3\main-assignment-sketch-jump\Sketch-Jump-main\.idea\.idea.Sketch-Jump-main" value="true" />
        <entry key="D:\SteamLibrary\steamapps\common\CyberManhunt2" value="true" />
        <entry key="D:\code\Lua\SVScript" value="true" />
        <entry key="D:\code\RichardProto2-main" value="true" />
        <entry key="D:\code\UnityProject" value="true" />
        <entry key="D:\code\UnityProject\ArtHouse\ArtHouse\Art_House_AGP\ArtHousePlayground" value="true" />
        <entry key="D:\code\UnityProject\ArtHouse\ArtHouse\Art_House_AGP\ArtHousePlayground\.idea\.idea.ArtHousePlayground" value="true" />
        <entry key="D:\code\UnityProject\My project" value="true" />
        <entry key="D:\code\UnityProject\Richard" value="true" />
        <entry key="D:\code\UnityProject\Richard\.idea\.idea.Richard" value="true" />
        <entry key="D:\code\UnityProject\Shaoqiu\AGP_20243-20251\ArtHouse\Art_House_AGP\ArtHouseDev" value="true" />
        <entry key="D:\code\UnityProject\Shaoqiu\AGP_20243-20251\ArtHouse\Art_House_AGP\ArtHouseDev\.idea\.idea.ArtHouseDev" value="true" />
        <entry key="D:\code\UnityProject\Shaoqiu\AGP_20243-20251\ArtHouse\Art_House_AGP\ArtHousePlayground" value="true" />
        <entry key="D:\code\UnityProject\Shaoqiu\AGP_20243-20251\ArtHouse\Art_House_AGP\ArtHousePlayground\.idea\.idea.ArtHousePlayground" value="true" />
        <entry key="D:\code\UnityProject\Shaoqiu\CTIN_594_20243-20251\Richard\Richard" value="true" />
        <entry key="D:\code\UnityProject\Shaoqiu\CTIN_594_20243-20251\Richard\Richard\.idea\.idea.Richard" value="true" />
        <entry key="D:\code\UnityProject\URPTest" value="true" />
        <entry key="D:\code\UnityProject\UnityTest" value="true" />
        <entry key="D:\code\UnityProject\UnityTest2" value="true" />
        <entry key="D:\code\UnityProject\UnityTest2\.idea\.idea.UnityTest2" value="true" />
        <entry key="D:\code\UnityProject\UnityTest\.idea\.idea.UnityTest" value="true" />
        <entry key="D:\code\UnrealEngine" value="true" />
        <entry key="D:\code\UnrealEngine\.idea\.idea.UE5" value="true" />
        <entry key="D:\code\UnrealProject\FiberCityPerforce\ProjFiber" value="true" />
        <entry key="D:\code\UnrealProject\FiberCityPerforce\ProjFiber\.idea\.idea.ProjFiber" value="true" />
        <entry key="D:\code\UnrealProject\StandingBunker" value="true" />
        <entry key="D:\code\UnrealProject\StandingBunker\.idea\.idea.StandingBunker" value="true" />
        <entry key="D:\code\UnrealProject\Test" value="true" />
        <entry key="D:\code\UnrealProject\Test\.idea\.idea.Test" value="true" />
        <entry key="D:\code\UnrealProject\Test\.idea\.idea.Test.dir" value="true" />
        <entry key="D:\code\UnrealProject\Test\Test" value="true" />
        <entry key="D:\code\UnrealProject\Test\Test\.idea\.idea.Test.dir" value="true" />
        <entry key="D:\code\UnrealProject\TurrentDense" value="true" />
        <entry key="D:\code\UnrealProject\TurrentDense\.idea\.idea.TurrentDense" value="true" />
        <entry key="D:\code\UnrealProject\UnrealTest" value="true" />
        <entry key="D:\code\cpp\CPPTest" value="true" />
        <entry key="D:\code\cpp\CPPTest\.idea\.idea.CPPTest" value="true" />
        <entry key="D:\code\cpp\CudaRuntime1" value="true" />
        <entry key="D:\code\cpp\CudaTest" value="true" />
        <entry key="D:\code\cpp\CudaTest\.idea\.idea.CudaTest" value="true" />
        <entry key="D:\code\cpp\D3D12Tutorial" value="true" />
        <entry key="D:\code\cpp\D3D12Tutorial\.idea\.idea.D3D12Tutorial" value="true" />
        <entry key="D:\code\cpp\DirectX-Graphics-Samples-master\Samples\Desktop\D3D12HelloWorld\src" value="true" />
        <entry key="D:\code\cpp\DirectX-Graphics-Samples-master\Samples\Desktop\D3D12HelloWorld\src\.idea\.idea.D3D12HelloWorld" value="true" />
        <entry key="D:\code\cpp\FormatErrorTest" value="true" />
        <entry key="D:\code\cpp\FormatErrorTest\.idea\.idea.FormatErrorTest" value="true" />
        <entry key="D:\code\cpp\Matrix" value="true" />
        <entry key="D:\code\cpp\OpenGLTest" value="true" />
        <entry key="D:\code\cpp\PEWorkspace\Code" value="true" />
        <entry key="D:\code\cpp\PEWorkspace\Code\.idea\.idea.PEWorkspace-win32d3d11" value="true" />
        <entry key="D:\code\cpp\ProjectFiber\ProjFiber" value="true" />
        <entry key="D:\code\cpp\ProjectFiber\ProjFiber\.idea\.idea.ProjFiber" value="true" />
        <entry key="D:\code\cpp\ProjectFrameworkTest" value="true" />
        <entry key="D:\code\cpp\ProjectFrameworkTest\.idea\.idea.ProjectFrameworkTest" value="true" />
        <entry key="D:\code\cpp\QuickEngine" value="true" />
        <entry key="D:\code\cpp\QuickEngine\.idea\.idea.QuickEngine" value="true" />
        <entry key="D:\code\cpp\Test" value="true" />
        <entry key="D:\code\cpp\Test21" value="true" />
        <entry key="D:\code\cpp\Test21\.idea\.idea.Test21" value="true" />
        <entry key="D:\code\cpp\Test\.idea\.idea.Test" value="true" />
        <entry key="D:\code\cpp\UnrealEngine" value="true" />
        <entry key="D:\code\cpp\UnrealEngine\.idea\.idea.UE5" value="true" />
        <entry key="D:\code\cpp\assign1_coreOpenGL_starterCode - 副本\hw1" value="true" />
        <entry key="D:\code\cpp\assign1_coreOpenGL_starterCode\hw1" value="true" />
        <entry key="D:\code\cpp\assign1_coreOpenGL_starterCode\hw1\.idea\.idea.hw1" value="true" />
        <entry key="D:\code\cpp\assign1_coreOpenGL_starterCode\hw1\hw1" value="true" />
        <entry key="D:\code\cpp\assimp-5.3.1\cmake-build-release-visual-studio" value="true" />
        <entry key="D:\code\cpp\assimp-5.3.1\cmake-build-release-visual-studio\.idea\.idea.Assimp" value="true" />
        <entry key="D:\code\cpp\csci520-assignment2-startercode\IDE-starter\VS2017" value="true" />
        <entry key="D:\code\cpp\csci520-assignment2-startercode\IDE-starter\VS2017\.idea\.idea.mocapPlayer" value="true" />
        <entry key="D:\code\cpp\hw2" value="true" />
        <entry key="D:\code\cpp\hw2\.idea\.idea.hw2" value="true" />
        <entry key="D:\code\cpp\hw3-starterCode\hw3-starterCode" value="true" />
        <entry key="D:\code\cpp\hw3-starterCode\hw3-starterCode\.idea\.idea.hw3" value="true" />
        <entry key="D:\code\cpp\starter-csci520-assign1" value="true" />
        <entry key="D:\code\cpp\starter-csci520-assign1\.idea\.idea.hw1" value="true" />
        <entry key="D:\code\cpp\starter\VS2017" value="true" />
        <entry key="D:\code\cpp\starter\VS2017\.idea\.idea.IK" value="true" />
        <entry key="D:\code\cpp\ue\City" value="true" />
        <entry key="D:\code\cpp\ue\Lyra" value="true" />
        <entry key="D:\code\cpp\ue\RPGDemo" value="true" />
        <entry key="D:\code\cpp\ue\RpgDemo" value="true" />
        <entry key="D:\code\cs\Sudoku" value="true" />
        <entry key="D:\code\cs\SudokuWpf" value="true" />
        <entry key="D:\code\cs\Test" value="true" />
        <entry key="D:\code\cs\Test\.idea\.idea.Test" value="true" />
        <entry key="D:\code\ue\Test" value="true" />
        <entry key="D:\code\ue\Test\.idea\.idea.Test" value="true" />
      </map>
    </option>
  </component>
</application>