<application>
  <component name="DimensionService">
    <location key="find.popup.0.0.2561.1601@144dpi" x="899" y="192" />
    <location key="find.popup.0.0.3840.2160@144dpi" x="1508" y="162" />
    <size key="GridCell.Tab.0.left.0.0.2561.1601@144dpi" width="2438" height="392" />
    <size key="GridCell.Tab.0.center.0.0.2561.1601@144dpi" width="2438" height="392" />
    <size key="GridCell.Tab.0.right.0.0.2561.1601@144dpi" width="2438" height="392" />
    <size key="GridCell.Tab.0.bottom.0.0.2561.1601@144dpi" width="2438" height="392" />
    <size key="GridCell.Tab.1.left.0.0.2561.1601@144dpi" width="2438" height="392" />
    <size key="GridCell.Tab.1.center.0.0.2561.1601@144dpi" width="2438" height="392" />
    <size key="GridCell.Tab.1.right.0.0.2561.1601@144dpi" width="2438" height="392" />
    <size key="GridCell.Tab.1.bottom.0.0.2561.1601@144dpi" width="2438" height="392" />
    <size key="GridCell.Tab.3.left.0.0.2561.1601@144dpi" width="2438" height="392" />
    <size key="GridCell.Tab.3.center.0.0.2561.1601@144dpi" width="2438" height="392" />
    <size key="GridCell.Tab.3.right.0.0.2561.1601@144dpi" width="2438" height="392" />
    <size key="GridCell.Tab.3.bottom.0.0.2561.1601@144dpi" width="2438" height="392" />
    <size key="GridCell.Tab.4.left.0.0.2561.1601@144dpi" width="2438" height="392" />
    <size key="GridCell.Tab.4.center.0.0.2561.1601@144dpi" width="2438" height="392" />
    <size key="GridCell.Tab.4.right.0.0.2561.1601@144dpi" width="2438" height="392" />
    <size key="GridCell.Tab.4.bottom.0.0.2561.1601@144dpi" width="2438" height="392" />
    <size key="GridCell.Tab.2.left.0.0.2561.1601@144dpi" width="2438" height="392" />
    <size key="GridCell.Tab.2.center.0.0.2561.1601@144dpi" width="2438" height="392" />
    <size key="GridCell.Tab.2.right.0.0.2561.1601@144dpi" width="2438" height="392" />
    <size key="GridCell.Tab.2.bottom.0.0.2561.1601@144dpi" width="2438" height="392" />
    <size key="find.popup.0.0.2561.1601@144dpi" width="1097" height="840" />
    <size key="GridCell.Tab.0.left.0.0.1280.720" width="1237" height="327" />
    <size key="GridCell.Tab.0.center.0.0.1280.720" width="1237" height="327" />
    <size key="GridCell.Tab.0.right.0.0.1280.720" width="1237" height="327" />
    <size key="GridCell.Tab.0.bottom.0.0.1280.720" width="1237" height="327" />
    <size key="GridCell.Tab.0.left.0.0.2560.1600" width="2478" height="309" />
    <size key="GridCell.Tab.0.center.0.0.2560.1600" width="2478" height="309" />
    <size key="GridCell.Tab.0.right.0.0.2560.1600" width="2478" height="309" />
    <size key="GridCell.Tab.0.bottom.0.0.2560.1600" width="2478" height="309" />
    <size key="GridCell.Tab.1.left.0.0.2560.1600" width="2478" height="309" />
    <size key="GridCell.Tab.1.center.0.0.2560.1600" width="2478" height="309" />
    <size key="GridCell.Tab.1.right.0.0.2560.1600" width="2478" height="309" />
    <size key="GridCell.Tab.1.bottom.0.0.2560.1600" width="2478" height="309" />
    <size key="GridCell.Tab.2.left.0.0.2560.1600" width="2478" height="309" />
    <size key="GridCell.Tab.2.center.0.0.2560.1600" width="2478" height="309" />
    <size key="GridCell.Tab.2.right.0.0.2560.1600" width="2478" height="309" />
    <size key="GridCell.Tab.2.bottom.0.0.2560.1600" width="2478" height="309" />
    <size key="GridCell.Tab.3.left.0.0.2560.1600" width="2478" height="309" />
    <size key="GridCell.Tab.3.center.0.0.2560.1600" width="2478" height="309" />
    <size key="GridCell.Tab.3.right.0.0.2560.1600" width="2478" height="309" />
    <size key="GridCell.Tab.3.bottom.0.0.2560.1600" width="2478" height="309" />
    <size key="GridCell.Tab.5.left.0.0.2561.1601@144dpi" width="2438" height="392" />
    <size key="GridCell.Tab.5.center.0.0.2561.1601@144dpi" width="2438" height="392" />
    <size key="GridCell.Tab.5.right.0.0.2561.1601@144dpi" width="2438" height="392" />
    <size key="GridCell.Tab.5.bottom.0.0.2561.1601@144dpi" width="2438" height="392" />
    <size key="GridCell.Tab.0.left.0.0.3840.2160@144dpi" width="3719" height="560" />
    <size key="GridCell.Tab.0.center.0.0.3840.2160@144dpi" width="3719" height="560" />
    <size key="GridCell.Tab.0.right.0.0.3840.2160@144dpi" width="3719" height="560" />
    <size key="GridCell.Tab.0.bottom.0.0.3840.2160@144dpi" width="3719" height="560" />
    <size key="GridCell.Tab.1.left.0.0.3840.2160@144dpi" width="3719" height="560" />
    <size key="GridCell.Tab.1.center.0.0.3840.2160@144dpi" width="3719" height="560" />
    <size key="GridCell.Tab.1.right.0.0.3840.2160@144dpi" width="3719" height="560" />
    <size key="GridCell.Tab.1.bottom.0.0.3840.2160@144dpi" width="3719" height="560" />
    <size key="GridCell.Tab.2.left.0.0.3840.2160@144dpi" width="3719" height="560" />
    <size key="GridCell.Tab.2.center.0.0.3840.2160@144dpi" width="3719" height="560" />
    <size key="GridCell.Tab.2.right.0.0.3840.2160@144dpi" width="3719" height="560" />
    <size key="GridCell.Tab.2.bottom.0.0.3840.2160@144dpi" width="3719" height="560" />
    <size key="GridCell.Tab.3.left.0.0.3840.2160@144dpi" width="3719" height="560" />
    <size key="GridCell.Tab.3.center.0.0.3840.2160@144dpi" width="3719" height="560" />
    <size key="GridCell.Tab.3.right.0.0.3840.2160@144dpi" width="3719" height="560" />
    <size key="GridCell.Tab.3.bottom.0.0.3840.2160@144dpi" width="3719" height="560" />
    <size key="GridCell.Tab.4.left.0.0.3840.2160@144dpi" width="3719" height="560" />
    <size key="GridCell.Tab.4.center.0.0.3840.2160@144dpi" width="3719" height="560" />
    <size key="GridCell.Tab.4.right.0.0.3840.2160@144dpi" width="3719" height="560" />
    <size key="GridCell.Tab.4.bottom.0.0.3840.2160@144dpi" width="3719" height="560" />
    <size key="GridCell.Tab.5.left.0.0.3840.2160@144dpi" width="3719" height="560" />
    <size key="GridCell.Tab.5.center.0.0.3840.2160@144dpi" width="3719" height="560" />
    <size key="GridCell.Tab.5.right.0.0.3840.2160@144dpi" width="3719" height="560" />
    <size key="GridCell.Tab.5.bottom.0.0.3840.2160@144dpi" width="3719" height="560" />
    <size key="GridCell.Tab.0.left.5760.825.2561.1601@144dpi" width="2438" height="422" />
    <size key="GridCell.Tab.0.center.5760.825.2561.1601@144dpi" width="2438" height="422" />
    <size key="GridCell.Tab.0.right.5760.825.2561.1601@144dpi" width="2438" height="422" />
    <size key="GridCell.Tab.0.bottom.5760.825.2561.1601@144dpi" width="2438" height="422" />
    <size key="GridCell.Tab.1.left.5760.825.2561.1601@144dpi" width="2438" height="422" />
    <size key="GridCell.Tab.1.center.5760.825.2561.1601@144dpi" width="2438" height="422" />
    <size key="GridCell.Tab.1.right.5760.825.2561.1601@144dpi" width="2438" height="422" />
    <size key="GridCell.Tab.1.bottom.5760.825.2561.1601@144dpi" width="2438" height="422" />
    <size key="GridCell.Tab.2.left.5760.825.2561.1601@144dpi" width="2438" height="422" />
    <size key="GridCell.Tab.2.center.5760.825.2561.1601@144dpi" width="2438" height="422" />
    <size key="GridCell.Tab.2.right.5760.825.2561.1601@144dpi" width="2438" height="422" />
    <size key="GridCell.Tab.2.bottom.5760.825.2561.1601@144dpi" width="2438" height="422" />
    <size key="GridCell.Tab.3.left.5760.825.2561.1601@144dpi" width="2438" height="422" />
    <size key="GridCell.Tab.3.center.5760.825.2561.1601@144dpi" width="2438" height="422" />
    <size key="GridCell.Tab.3.right.5760.825.2561.1601@144dpi" width="2438" height="422" />
    <size key="GridCell.Tab.3.bottom.5760.825.2561.1601@144dpi" width="2438" height="422" />
    <size key="GridCell.Tab.4.left.5760.825.2561.1601@144dpi" width="2438" height="422" />
    <size key="GridCell.Tab.4.center.5760.825.2561.1601@144dpi" width="2438" height="422" />
    <size key="GridCell.Tab.4.right.5760.825.2561.1601@144dpi" width="2438" height="422" />
    <size key="GridCell.Tab.4.bottom.5760.825.2561.1601@144dpi" width="2438" height="422" />
    <size key="GridCell.Tab.5.left.5760.825.2561.1601@144dpi" width="2438" height="422" />
    <size key="GridCell.Tab.5.center.5760.825.2561.1601@144dpi" width="2438" height="422" />
    <size key="GridCell.Tab.5.right.5760.825.2561.1601@144dpi" width="2438" height="422" />
    <size key="GridCell.Tab.5.bottom.5760.825.2561.1601@144dpi" width="2438" height="422" />
    <size key="find.popup.0.0.3840.2160@144dpi" width="1256" height="1260" />
    <size key="GridCell.Tab.6.left.0.0.3840.2160@144dpi" width="3719" height="560" />
    <size key="GridCell.Tab.6.center.0.0.3840.2160@144dpi" width="3719" height="560" />
    <size key="GridCell.Tab.6.right.0.0.3840.2160@144dpi" width="3719" height="560" />
    <size key="GridCell.Tab.6.bottom.0.0.3840.2160@144dpi" width="3719" height="560" />
    <size key="GridCell.Tab.6.left.0.0.2561.1601@144dpi" width="2438" height="392" />
    <size key="GridCell.Tab.6.center.0.0.2561.1601@144dpi" width="2438" height="392" />
    <size key="GridCell.Tab.6.right.0.0.2561.1601@144dpi" width="2438" height="392" />
    <size key="GridCell.Tab.6.bottom.0.0.2561.1601@144dpi" width="2438" height="392" />
    <size key="GridCell.Tab.0.left.5760.840.2561.1601@144dpi" width="2438" height="399" />
    <size key="GridCell.Tab.0.center.5760.840.2561.1601@144dpi" width="2438" height="399" />
    <size key="GridCell.Tab.0.right.5760.840.2561.1601@144dpi" width="2438" height="399" />
    <size key="GridCell.Tab.0.bottom.5760.840.2561.1601@144dpi" width="2438" height="399" />
    <size key="GridCell.Tab.1.left.5760.840.2561.1601@144dpi" width="2438" height="399" />
    <size key="GridCell.Tab.1.center.5760.840.2561.1601@144dpi" width="2438" height="399" />
    <size key="GridCell.Tab.1.right.5760.840.2561.1601@144dpi" width="2438" height="399" />
    <size key="GridCell.Tab.1.bottom.5760.840.2561.1601@144dpi" width="2438" height="399" />
    <size key="GridCell.Tab.2.left.5760.840.2561.1601@144dpi" width="2438" height="399" />
    <size key="GridCell.Tab.2.center.5760.840.2561.1601@144dpi" width="2438" height="399" />
    <size key="GridCell.Tab.2.right.5760.840.2561.1601@144dpi" width="2438" height="399" />
    <size key="GridCell.Tab.2.bottom.5760.840.2561.1601@144dpi" width="2438" height="399" />
    <size key="GridCell.Tab.3.left.5760.840.2561.1601@144dpi" width="2438" height="399" />
    <size key="GridCell.Tab.3.center.5760.840.2561.1601@144dpi" width="2438" height="399" />
    <size key="GridCell.Tab.3.right.5760.840.2561.1601@144dpi" width="2438" height="399" />
    <size key="GridCell.Tab.3.bottom.5760.840.2561.1601@144dpi" width="2438" height="399" />
    <size key="GridCell.Tab.4.left.5760.840.2561.1601@144dpi" width="2438" height="399" />
    <size key="GridCell.Tab.4.center.5760.840.2561.1601@144dpi" width="2438" height="399" />
    <size key="GridCell.Tab.4.right.5760.840.2561.1601@144dpi" width="2438" height="399" />
    <size key="GridCell.Tab.4.bottom.5760.840.2561.1601@144dpi" width="2438" height="399" />
    <size key="GridCell.Tab.5.left.5760.840.2561.1601@144dpi" width="2438" height="422" />
    <size key="GridCell.Tab.5.center.5760.840.2561.1601@144dpi" width="2438" height="422" />
    <size key="GridCell.Tab.5.right.5760.840.2561.1601@144dpi" width="2438" height="422" />
    <size key="GridCell.Tab.5.bottom.5760.840.2561.1601@144dpi" width="2438" height="422" />
    <size key="GridCell.Tab.6.left.5760.840.2561.1601@144dpi" width="2438" height="422" />
    <size key="GridCell.Tab.6.center.5760.840.2561.1601@144dpi" width="2438" height="422" />
    <size key="GridCell.Tab.6.right.5760.840.2561.1601@144dpi" width="2438" height="422" />
    <size key="GridCell.Tab.6.bottom.5760.840.2561.1601@144dpi" width="2438" height="422" />
    <size key="GridCell.Tab.0.left.0.0.2560.1440" width="2478" height="464" />
    <size key="GridCell.Tab.0.center.0.0.2560.1440" width="2478" height="464" />
    <size key="GridCell.Tab.0.right.0.0.2560.1440" width="2478" height="464" />
    <size key="GridCell.Tab.0.bottom.0.0.2560.1440" width="2478" height="464" />
    <size key="GridCell.Tab.1.left.0.0.2560.1440" width="2478" height="464" />
    <size key="GridCell.Tab.1.center.0.0.2560.1440" width="2478" height="464" />
    <size key="GridCell.Tab.1.right.0.0.2560.1440" width="2478" height="464" />
    <size key="GridCell.Tab.1.bottom.0.0.2560.1440" width="2478" height="464" />
    <size key="GridCell.Tab.2.left.0.0.2560.1440" width="2478" height="464" />
    <size key="GridCell.Tab.2.center.0.0.2560.1440" width="2478" height="464" />
    <size key="GridCell.Tab.2.right.0.0.2560.1440" width="2478" height="464" />
    <size key="GridCell.Tab.2.bottom.0.0.2560.1440" width="2478" height="464" />
    <size key="GridCell.Tab.3.left.0.0.2560.1440" width="2478" height="464" />
    <size key="GridCell.Tab.3.center.0.0.2560.1440" width="2478" height="464" />
    <size key="GridCell.Tab.3.right.0.0.2560.1440" width="2478" height="464" />
    <size key="GridCell.Tab.3.bottom.0.0.2560.1440" width="2478" height="464" />
    <size key="GridCell.Tab.4.left.0.0.2560.1440" width="2478" height="464" />
    <size key="GridCell.Tab.4.center.0.0.2560.1440" width="2478" height="464" />
    <size key="GridCell.Tab.4.right.0.0.2560.1440" width="2478" height="464" />
    <size key="GridCell.Tab.4.bottom.0.0.2560.1440" width="2478" height="464" />
    <size key="GridCell.Tab.5.left.0.0.2560.1440" width="2478" height="464" />
    <size key="GridCell.Tab.5.center.0.0.2560.1440" width="2478" height="464" />
    <size key="GridCell.Tab.5.right.0.0.2560.1440" width="2478" height="464" />
    <size key="GridCell.Tab.5.bottom.0.0.2560.1440" width="2478" height="464" />
    <size key="GridCell.Tab.6.left.0.0.2560.1440" width="2478" height="464" />
    <size key="GridCell.Tab.6.center.0.0.2560.1440" width="2478" height="464" />
    <size key="GridCell.Tab.6.right.0.0.2560.1440" width="2478" height="464" />
    <size key="GridCell.Tab.6.bottom.0.0.2560.1440" width="2478" height="464" />
  </component>
  <component name="WindowManager">
    <frame x="-8" y="-8" width="2576" height="1408" extendedState="6" />
  </component>
  <component name="WindowStateApplicationService">
    <state x="998" y="549" key="APPLICATION_WIDE_STORE_#rider.projectView.actions.properties.EditPropertiesDialogFolder" timestamp="1765528705594">
      <screen x="0" y="0" width="2560" height="1392" />
    </state>
    <state x="998" y="549" key="APPLICATION_WIDE_STORE_#rider.projectView.actions.properties.EditPropertiesDialogFolder/-2560.-87.1707.1019/0.0.2560.1392" timestamp="1759601227471" />
    <state x="998" y="549" key="APPLICATION_WIDE_STORE_#rider.projectView.actions.properties.EditPropertiesDialogFolder/-2560.550.1707.1019/0.0.2560.1392" timestamp="1758423992008" />
    <state x="998" y="549" key="APPLICATION_WIDE_STORE_#rider.projectView.actions.properties.EditPropertiesDialogFolder/-2560.7.1707.1035/0.0.2560.1392" timestamp="1765528705594" />
    <state width="507" height="332" key="ShowUsagesActions.dimensionServiceKey" timestamp="1765531098681">
      <screen x="0" y="0" width="2560" height="1392" />
    </state>
    <state width="506" height="214" key="ShowUsagesActions.dimensionServiceKey/-2560.-87.1707.1019/0.0.2560.1392" timestamp="1761813867706" />
    <state width="502" height="154" key="ShowUsagesActions.dimensionServiceKey/-2560.550.1707.1019/0.0.2560.1392" timestamp="1758502040071" />
    <state width="506" height="187" key="ShowUsagesActions.dimensionServiceKey/-2560.7.1707.1019/0.0.2560.1392" timestamp="1762938724793" />
    <state width="507" height="332" key="ShowUsagesActions.dimensionServiceKey/-2560.7.1707.1035/0.0.2560.1392" timestamp="1765531098681" />
    <state width="338" height="164" key="ShowUsagesActions.dimensionServiceKey/0.0.1707.1019" timestamp="1763332460371" />
    <state width="394" height="154" key="ShowUsagesActions.dimensionServiceKey/0.0.2560.1392" timestamp="1761354073284" />
    <state x="1279" y="612" width="1203" height="890" key="WELCOME_SCREEN" timestamp="1765516018768">
      <screen x="0" y="0" width="2560" height="1392" />
    </state>
    <state x="1279" y="612" width="1203" height="890" key="WELCOME_SCREEN/-2560.-87.1707.1019/0.0.2560.1392" timestamp="1759894820478" />
    <state x="1279" y="612" width="1203" height="890" key="WELCOME_SCREEN/-2560.550.1707.1019/0.0.2560.1392" timestamp="1758423757727" />
    <state x="1279" y="612" width="1203" height="890" key="WELCOME_SCREEN/-2560.7.1707.1019/0.0.2560.1392" timestamp="1762939103710" />
    <state x="1279" y="612" width="1203" height="890" key="WELCOME_SCREEN/-2560.7.1707.1035/0.0.2560.1392" timestamp="1765516018768" />
    <state x="853" y="447" width="802" height="651" key="WELCOME_SCREEN/0.0.1707.1019" timestamp="1757041025066" />
    <state x="1279" y="612" width="1203" height="890" key="WELCOME_SCREEN/0.0.2560.1392" timestamp="1758768313495" />
  </component>
</application>