<keymap version="1" name="IntelliJ copy" parent="$default">
  <action id="InsertInlineCompletionAction">
    <keyboard-shortcut first-keystroke="ctrl tab" />
  </action>
  <action id="InsertInlineCompletionLineAction" />
  <action id="InsertInlineCompletionWordAction" />
  <action id="Switcher">
    <keyboard-shortcut first-keystroke="shift ctrl tab" />
  </action>
  <action id="copilot.applyInlays">
    <keyboard-shortcut first-keystroke="ctrl tab" />
  </action>
  <action id="copilot.nes.tab">
    <keyboard-shortcut first-keystroke="ctrl tab" />
  </action>
</keymap>